id,name,description,category,price,stock,available,created_at
PROD-001,Absrbatack,"Dispositivo de fijación con tachuelas absorbibles, utilizado para asegurar mallas protésicas en reparaciones de hernias laparoscópicas.",Consumible,0.00,0,true,
PROD-002,Adaptador de Evacuador,"Componente que conecta un evacuador de fragmentos a la camisa de un resectoscopio, facilitando la eliminación de tejido durante procedimientos transuretrales.",Accesorio,0.00,0,true,
PROD-003,Aguja de Biopsia Para Pistola Mágnum,"Aguja de corte especializada, compatible con el sistema de biopsia reutilizable Magnum de Bard, para la obtención de muestras de tejido de alta calidad.",Instrumental,0.00,0,true,
PROD-004,Aguja de infiltración 20g cock,Aguja hueca de calibre 20G diseñada para la infiltración precisa de anestésicos locales o soluciones terapéuticas en tejidos blandos.,Instrumental,0.00,0,true,
PROD-005,Aguja de punción,"Instrumento puntiagudo y hueco utilizado para realizar punciones, aspiraciones de fluidos o la introducción de guías en diversos procedimientos médicos.",Instrumental,0.00,0,true,
PROD-006,Aguja de punción renal tipo Shiva,"Aguja de acero inoxidable de alta resistencia, diseñada para la punción precisa del sistema colector renal bajo guía de imagen.",Instrumental,0.00,0,true,
PROD-007,Aguja de veres,"Aguja con punta biselada y estilete retráctil, utilizada para crear el neumoperitoneo de forma segura al inicio de una cirugía laparoscópica.",Instrumental,0.00,0,true,
PROD-008,Ángulo (Pinza),"Pinza laparoscópica con una mandíbula angulada, diseñada para la disección y manipulación de tejido en ángulos de difícil acceso.",Instrumental,0.00,0,true,
PROD-009,Armonico (Consola),"Consola de energía ultrasónica que permite la disección, corte y coagulación de tejidos blandos con mínimo daño térmico.",Equipo,0.00,0,true,
PROD-010,Asa bipolar R. WOLF,"Electrodo en forma de asa para resectoscopios bipolares Richard Wolf, utilizado para la resección y coagulación de tejido prostático o tumoral.",Instrumental,0.00,0,true,
PROD-011,Asa caliente,"Electrodo de alambre fino en forma de asa, utilizado en procedimientos endoscópicos para la polipectomía o toma de muestras de tejido mediante corte y coagulación.",Instrumental,0.00,0,true,
PROD-012,Balón dilatador uretral,"Catéter con un balón inflable en su extremo, diseñado para dilatar estenosis en la uretra o uréteres.",Consumible,0.00,0,true,
PROD-013,Blun tip (Pinza Ligasure),"Pinza bipolar avanzada de la familia Ligasure, con mandíbulas romas y una longitud optimizada para la disección y sellado de vasos y tejidos.",Instrumental,0.00,0,true,
PROD-014,Bolsa colectora de orina antirreflujo (bard),Bolsa estéril para la recolección de orina con cámara de goteo y válvula antirreflujo integrada para prevenir infecciones del tracto urinario.,Consumible,0.00,0,true,
PROD-015,Bolsa colectora de orina con sistema antirreflujo (bard),Bolsa estéril para la recolección de orina con sistema antirreflujo integrado para prevenir infecciones ascendentes.,Consumible,0.00,0,true,
PROD-016,Broncoscopio,"Endoscopio flexible para la visualización de las vías aéreas, desde la tráquea hasta los bronquios, para fines diagnósticos o terapéuticos.",Endoscopio,0.00,0,true,
PROD-017,Budinera,"Recipiente estéril, usualmente de acero inoxidable o plástico, utilizado en entornos quirúrgicos para contener líquidos, muestras o instrumentos pequeños.",Accesorio,0.00,0,true,
PROD-018,Cable bipolar,"Cable eléctrico diseñado para conectar instrumentos de electrocirugía bipolar a un generador de energía, asegurando una transmisión de corriente segura y efectiva.",Cable/Conector,0.00,0,true,
PROD-019,Cable compatible con equipo (storz y Wolf),Cable de conexión diseñado específicamente para ser compatible con generadores e instrumentos de las marcas Storz y Wolf.,Cable/Conector,0.00,0,true,
PROD-020,Cable monopolar,Cable eléctrico que conecta un electrodo de electrocirugía monopolar (como un gancho o lápiz) al generador de energía.,Cable/Conector,0.00,0,true,
PROD-021,Canastilla de 1.9,"Cesta de alambre fino, con un calibre de 1.9 French, diseñada para la extracción de pequeños cálculos o fragmentos de tejido desde el tracto urinario.",Instrumental,0.00,0,true,
PROD-022,Canastilla de extracción percutánea,"Dispositivo con una cesta expandible de nitinol, utilizado bajo visión endoscópica para la captura y extracción segura de cálculos renales.",Instrumental,0.00,0,true,
PROD-023,Canastilla frontal o tipo Dakota,"Cesta de extracción de cálculos con un diseño de apertura frontal, ideal para la captura de cálculos en el polo inferior del riñón.",Instrumental,0.00,0,true,
PROD-024,Cartuchos clip de titanio,Cartuchos estériles que contienen clips de titanio para ser utilizados con una clipadora en la ligadura de vasos o conductos.,Consumible,0.00,0,true,
PROD-025,Catéter 1 j de 6x70,"Catéter ureteral de un solo extremo en J (pigtail), utilizado para el drenaje temporal del riñón hacia la vejiga o al exterior.",Consumible,0.00,0,true,
PROD-026,Catéter doble j,Tubo flexible de doble J (pigtail) que se coloca internamente en el uréter para asegurar el drenaje de orina desde el riñón hasta la vejiga.,Consumible,0.00,0,true,
PROD-027,Catéter doble j 4.7 x 26,Catéter ureteral doble J de 4.7 French de diámetro y 26 cm de longitud.,Consumible,0.00,0,true,
PROD-028,Catéter doble j 4.7 x 24,Catéter ureteral doble J de 4.7 French de diámetro y 24 cm de longitud.,Consumible,0.00,0,true,
PROD-029,Catéter doble j 6x24,Catéter ureteral doble J de 6 French de diámetro y 24 cm de longitud.,Consumible,0.00,0,true,
PROD-030,Catéter doble j 6x26,Catéter ureteral doble J de 6 French de diámetro y 6 cm de longitud.,Consumible,0.00,0,true,
PROD-031,Catéter Mount,Adaptador que se coloca en el extremo de un tubo endotraqueal o de traqueotomía para conectar el circuito del ventilador.,Consumible,0.00,0,true,
PROD-032,Catéter Open End,"Catéter ureteral con una punta abierta, utilizado para la inyección de medio de contraste o para pasar una guía.",Consumible,0.00,0,true,
PROD-033,Catéter Pig Tail,Catéter de drenaje multipropósito con una punta en forma de cola de cerdo (pigtail) para asegurar su posición dentro de una cavidad.,Consumible,0.00,0,true,
PROD-034,Cepillo colector de muestra,"Cepillo estéril de un solo uso, diseñado para ser introducido a través del canal de trabajo de un endoscopio y obtener muestras citológicas.",Consumible,0.00,0,true,
PROD-035,Cepillo de lavado,"Cepillo especializado con cerdas de nylon, diseñado para la limpieza manual de los canales internos y lúmenes de los endoscopios.",Accesorio,0.00,0,true,
PROD-036,Cistofibroscopio flexible,"Endoscopio flexible y delgado utilizado para examinar la uretra y la vejiga, permitiendo procedimientos diagnósticos y terapéuticos menores.",Endoscopio,0.00,0,true,
PROD-037,Cistoscopio 17 fr,Endoscopio rígido de calibre 17 French para procedimientos cistoscópicos pediátricos o en uretra estrecha.,Endoscopio,0.00,0,true,
PROD-038,Cistoscopio 21fr,Endoscopio rígido de calibre 21 French utilizado para diagnósticos y procedimientos quirúrgicos en la vejiga y uretra.,Endoscopio,0.00,0,true,
PROD-039,Cistoscopio 21 fr. con óptica 4mm 30°,"Endoscopio rígido de calibre 21 French con una óptica de 4mm y un ángulo de visión de 30 grados, para la visualización de la uretra y la vejiga.",Endoscopio,0.00,0,true,
PROD-040,Cistoscopio 22fr,Endoscopio rígido de calibre 22 French para diagnósticos y procedimientos quirúrgicos en la vejiga y uretra en adultos.,Endoscopio,0.00,0,true,
PROD-041,Cistoscopio 22 fr. con óptica 30° 4 mm,"Endoscopio rígido de 22 French con óptica de 30 grados y 4 mm, para una visualización angular de la vejiga y uretra.",Endoscopio,0.00,0,true,
PROD-042,Clipadora,Instrumento quirúrgico laparoscópico utilizado para aplicar clips de metal o polímero para la ligadura de vasos y conductos.,Instrumental,0.00,0,true,
PROD-043,Cloruro de Sodio 0.9% 3000cc,"Solución salina estéril al 0.9%, en presentación de bolsa de 3000cc, utilizada para la irrigación durante procedimientos quirúrgicos.",Consumible,0.00,0,true,
PROD-044,Colonoscopio,Endoscopio flexible largo utilizado para examinar la totalidad del colon y el recto.,Endoscopio,0.00,0,true,
PROD-045,Condones,"Cubierta estéril de plástico de un solo uso, diseñada para proteger la cabeza de la cámara endoscópica y el cable durante el procedimiento.",Consumible,0.00,0,true,
PROD-046,Cuchilla de Morcelador,"Dispositivo con cuchillas rotatorias utilizado para fragmentar y extraer tejido blando, comúnmente en procedimientos ginecológicos o urológicos.",Consumible,0.00,0,true,
PROD-047,Cuchilla de Uretrotomo,"Cuchilla de un solo uso, diseñada para ser insertada en un uretrotomo y realizar incisiones precisas en estenosis uretrales.",Consumible,0.00,0,true,
PROD-048,Desinfectante de alto nivel CRIT,"Solución desinfectante de alto nivel, a base de glutaraldehído o similar, para la esterilización química de instrumental médico termosensible.",Consumible,0.00,0,true,
PROD-049,Dilatadores tipo amplatz,"Set de varillas rígidas de calibres progresivos, utilizadas para la dilatación gradual de tractos o estenosis, como el cérvix o la uretra.",Instrumental,0.00,0,true,
PROD-050,Dilatadores van Buren,"Set de dilatadores uretrales metálicos, curvos y de calibre progresivo, utilizados para tratar estenosis uretrales.",Instrumental,0.00,0,true,
PROD-051,Duodenoscopio,"Endoscopio flexible largo para la visualización del esófago, estómago y duodeno.",Endoscopio,0.00,0,true,
PROD-052,Elemento de kunts con varilla láser,Componente de trabajo para resectoscopios que permite la introducción y guía precisa de una fibra láser para procedimientos de ablación o enucleación.,Instrumental,0.00,0,true,
PROD-053,Endobag,"Bolsa de extracción de un solo uso, utilizada en cirugía laparoscópica para el aislamiento y la remoción segura de especímenes o tejidos.",Consumible,0.00,0,true,
PROD-054,Endo catch,"Dispositivo de extracción de especímenes marca Covidien, con una bolsa autoexpandible para una captura de tejido rápida y segura en laparoscopía.",Instrumental,0.00,0,true,
PROD-055,Endo clip de 5 mm,"Aplicador de clips de titanio o polímero, disponible en diámetros de 5 mm, para la hemostasia y ligadura de vasos y conductos.",Consumible,0.00,0,true,
PROD-056,Endo clip de 10 mm,"Aplicador de clips de titanio o polímero, disponible en diámetros de10 mm, para la hemostasia y ligadura de vasos y conductos.",Consumible,0.00,0,true,
PROD-057,Energía sonicision,Instrumento de disección ultrasónica inalámbrico que permite libertad de movimiento al cirujano para el corte y coagulación de tejidos.,Equipo,0.00,0,true,
PROD-058,Engrapadora circular,Instrumento quirúrgico que coloca una doble fila circular de grapas de titanio para crear una anastomosis terminoterminal o lateroterminal en cirugía gastrointestinal.,Instrumental,0.00,0,true,
PROD-059,Epix trompeta,"Válvula tipo trompeta para instrumentos de succión e irrigación laparoscópicos, que permite un control preciso del flujo de fluidos.",Instrumental,0.00,0,true,
PROD-060,Erbe (Generador bipolar),"Generador de electrocirugía de alta frecuencia marca Erbe, que proporciona energía bipolar para corte y coagulación controlada.",Equipo,0.00,0,true,
PROD-061,Espátula,"Electrodo laparoscópico con punta en forma de espátula, utilizado para la disección y coagulación monopolar de grandes superficies de tejido.",Instrumental,0.00,0,true,
PROD-062,Evacuador de granada,"Dispositivo de succión estéril con un bulbo de silicona flexible, utilizado para la extracción manual de coágulos o fragmentos de tejido de la vejiga.",Consumible,0.00,0,true,
PROD-063,Evacuador tipo granada,Dispositivo de succión con bulbo de silicona flexible para la extracción de fragmentos litiásicos o de tejido prostático post-resección.,Consumible,0.00,0,true,
PROD-064,Exat (Pinza Ligasure),"Pinza bipolar de la familia Ligasure con punta recta y delgada, diseñada para el sellado de vasos en procedimientos de alta precisión.",Instrumental,0.00,0,true,
PROD-065,Fibra de luz,Cable de fibra óptica flexible que transmite la luz desde una fuente externa hasta un endoscopio o instrumental para iluminar el campo quirúrgico.,Cable/Conector,0.00,0,true,
PROD-066,Fibra laser 1 uso,Fibra óptica de un solo uso para la transmisión de energía láser.,Consumible,0.00,0,true,
PROD-067,Fibra laser 200,"Fibra óptica de 200 micras de diámetro, diseñada para la transmisión de energía láser en procedimientos de alta precisión como la litotricia flexible.",Consumible,0.00,0,true,
PROD-068,Fibra laser 270,"Fibra óptica de 270 micras de diámetro, utilizada para la transmisión de energía láser en diversas aplicaciones urológicas.",Consumible,0.00,0,true,
PROD-069,Fibra laser 365,"Fibra óptica de 365 micras de diámetro, un tamaño versátil para litotricia y ablación de tejidos blandos.",Consumible,0.00,0,true,
PROD-070,Fibra laser 365 micras,"Fibras láser de 365 y 550 micras, ofreciendo versatilidad para diferentes tipos de procedimientos urológicos.",Consumible,0.00,0,true,
PROD-071,Fibra laser 550 micras,"Fibra óptica de 550 micras de diámetro, ideal para la fragmentación rápida de cálculos grandes y la ablación de tejido prostático.",Consumible,0.00,0,true,
PROD-072,Fibra laser 600,"Fibra óptica de 600 micras de diámetro, utilizada para la transmisión de alta energía láser en procedimientos como la enucleación prostática.",Consumible,0.00,0,true,
PROD-073,Focus (Pinza),"Pieza de mano ergonómica que se conecta a la consola de energía ultrasónica Armónico, para la disección y coagulación precisa de tejidos.",Instrumental,0.00,0,true,
PROD-074,Formol,Solución de formaldehído utilizada como fijador para la preservación de muestras de tejido para su posterior análisis histopatológico.,Consumible,0.00,0,true,
PROD-075,Frasco esteril para muestra,Recipiente estéril utilizado para la recolección y transporte seguro de muestras biológicas para su análisis en laboratorio.,Consumible,0.00,0,true,
PROD-076,Fuente de luz,Unidad de alto rendimiento que genera y emite luz de xenón o LED para iluminar el campo quirúrgico a través de endoscopios.,Equipo,0.00,0,true,
PROD-077,Funda de cámara,"Cubierta estéril y transparente de un solo uso, que se coloca sobre la óptica de la cámara para mantener la esterilidad del campo quirúrgico.",Consumible,0.00,0,true,
PROD-078,Funda para Cámara,Funda estéril de un solo uso diseñada para cubrir la cabeza de la cámara endoscópica y el cableado.,Consumible,0.00,0,true,
PROD-079,Funda para ultrasonido,Cubierta estéril y desechable que se ajusta sobre el transductor de ultrasonido para mantener la esterilidad durante procedimientos guiados por imagen.,Consumible,0.00,0,true,
PROD-080,Gancho monopolar,"Electrodo monopolar con punta en forma de gancho, utilizado para la disección, corte y coagulación precisa de tejidos en cirugía laparoscópica.",Instrumental,0.00,0,true,
PROD-081,Gel conductor,"Gel a base de agua que facilita la conducción de ondas de ultrasonido entre el transductor y la piel del paciente, eliminando el aire y mejorando la calidad de la imagen.",Consumible,0.00,0,true,
PROD-082,Gel lubricante,"Gel estéril a base de agua, utilizado para lubricar instrumentos médicos como catéteres o endoscopios, facilitando su inserción.",Consumible,0.00,0,true,
PROD-083,Generador bipolar ERBE,"Unidad de electrocirugía marca ERBE que proporciona energía bipolar, permitiendo el corte y la coagulación con un mínimo daño térmico a los tejidos circundantes.",Equipo,0.00,0,true,
PROD-084,Generador bipolar GYRUS PK,"Unidad de electrocirugía que proporciona energía bipolar, comúnmente utilizada en urología para procedimientos de resección transuretral.",Equipo,0.00,0,true,
PROD-085,Grabador de imagen,Dispositivo electrónico que captura y almacena imágenes y videos de alta definición generados por la cámara durante un procedimiento quirúrgico.,Equipo,0.00,0,true,
PROD-086,Grabador de video,"Dispositivo que captura y almacena video de alta definición de procedimientos quirúrgicos para documentación, enseñanza o revisión.",Equipo,0.00,0,true,
PROD-087,Grasper (Pinza),Pinza laparoscópica de agarre con mandíbulas fenestradas o atraumáticas para la sujeción firme pero delicada de tejidos.,Instrumental,0.00,0,true,
PROD-088,Guía hidrofílica,"Alambre guía con un recubrimiento hidrofílico que se vuelve extremadamente resbaladizo al mojarse, facilitando la navegación a través de tractos vasculares o urinarios tortuosos.",Consumible,0.00,0,true,
PROD-089,Guía para aguja de biopsia,Dispositivo que se acopla al transductor de ultrasonido para guiar la trayectoria de una aguja de biopsia con alta precisión.,Accesorio,0.00,0,true,
PROD-090,Guía tipo sensor,"Alambre guía delgado y flexible con una punta especial que proporciona retroalimentación táctil, utilizado para navegar por el tracto urinario.",Consumible,0.00,0,true,
PROD-091,Gyrus G400 (Consola),"Consola de energía avanzada marca Gyrus, que integra múltiples modalidades para corte y coagulación, incluyendo la tecnología bipolar PK.",Equipo,0.00,0,true,
PROD-092,Gyrus pk (Generador bipolar),"Unidad de electrocirugía marca Gyrus que utiliza energía bipolar para la resección y coagulación de tejido, especialmente en urología (tecnología PK).",Equipo,0.00,0,true,
PROD-093,Hemoclip,"Clip hemostático metálico o de polímero, utilizado para la oclusión de vasos sanguíneos o para marcar sitios anatómicos.",Consumible,0.00,0,true,
PROD-094,Hypafix,"Lámina adhesiva hipoalergénica y transpirable, utilizada para la fijación de apósitos o dispositivos médicos sobre la piel.",Consumible,0.00,0,true,
PROD-095,Insuflador,Dispositivo que insufla dióxido de carbono (CO2) en la cavidad abdominal para crear y mantener el neumoperitoneo durante la cirugía laparoscópica.,Equipo,0.00,0,true,
PROD-096,Intestinales (Pinza),Pinza laparoscópica atraumática diseñada para la sujeción y manipulación de estructuras intestinales sin causar daño.,Instrumental,0.00,0,true,
PROD-097,Kit de ligaduras amarillas,"Kit de suturas de seda o polímero de alta visibilidad, utilizadas para marcar o retraer estructuras anatómicas durante la cirugía.",Consumible,0.00,0,true,
PROD-098,Kit de nefrostomia,"Set de instrumentos quirúrgicos desechables, diseñado para la creación de un puerto de acceso para nefrostomía percutánea.",Consumible,0.00,0,true,
PROD-099,Kit de trocares de 5 mm 1 con punzón,Set que incluye trocares y cánulas de 5 mm para la creación de puertos de acceso en cirugía laparoscópica.,Consumible,0.00,0,true,
PROD-100,Laser 30 w,"Sistema láser de 30 vatios, utilizado para la litotricia (fragmentación de cálculos) y la ablación de tejidos blandos en urología.",Equipo,0.00,0,true,
PROD-101,Laser 60 w,"Sistema láser de 60 vatios de potencia, ideal para procedimientos urológicos como la vaporización o enucleación de próstata y la litotricia de cálculos grandes.",Equipo,0.00,0,true,
PROD-102,Laser 100 w,"Sistema láser de alta potencia (100 vatios), utilizado para la enucleación rápida y eficiente de tejido prostático (HoLEP) y la vaporización de tumores.",Equipo,0.00,0,true,
PROD-103,Laser biolitc,"Sistema de láser diodo marca Biolitec, optimizado para procedimientos de terapia fototérmica mínimamente invasivos, como el tratamiento de venas varicosas (EVLT).",Equipo,0.00,0,true,
PROD-104,Laser CO2,"Sistema láser de dióxido de carbono (CO2), que emite un haz de luz infrarroja para la vaporización, ablación o incisión precisa de tejidos blandos.",Equipo,0.00,0,true,
PROD-105,Laser thulio,"Sistema de láser de Tulio, que opera en una longitud de onda altamente absorbida por el agua, permitiendo una vaporización y resección muy precisa de tejido blando.",Equipo,0.00,0,true,
PROD-106,Lente 30° 5mm,"Óptica laparoscópica de 5 mm de diámetro con un ángulo de visión de 30 grados, ideal para procedimientos pediátricos o en espacios reducidos.",Óptica/Lente,0.00,0,true,
PROD-107,Lente 30° 10 mm,"Óptica laparoscópica de 10 mm de diámetro con un ángulo de visión de 30 grados, el estándar para la mayoría de cirugías en adultos.",Óptica/Lente,0.00,0,true,
PROD-108,Lente de 5mm 0°,"Óptica laparoscópica de 5 o 10 mm de diámetro con un ángulo de visión de 0 grados, para una visualización directa y sin ángulo.",Óptica/Lente,0.00,0,true,
PROD-109,Lente de 10mm 0°,"Óptica laparoscópica de 5 o 10 mm de diámetro con un ángulo de visión de 0 grados, para una visualización directa y sin ángulo.",Óptica/Lente,0.00,0,true,
PROD-110,Ligasure (Consola),"Consola de energía y sistema de sellado de vasos de la marca Medtronic (antes Covidien), que sella de forma fiable vasos de hasta 7 mm de diámetro.",Equipo,0.00,0,true,
PROD-111,Litotriptor neumático,Sistema neumático que genera pulsos de presión para fragmentar cálculos renales o ureterales a través de una sonda rígida o semirrígida.,Equipo,0.00,0,true,
PROD-112,Llave de paso,"Válvula de control, usualmente metálica o de plástico, que regula el flujo de líquidos o gases en un sistema de irrigación o insuflación.",Accesorio,0.00,0,true,
PROD-113,Manguera de co2,Manguera estéril de un solo uso que conecta el insuflador de CO2 con la cánula del trocar para mantener el neumoperitoneo.,Consumible,0.00,0,true,
PROD-114,Maryland (Pinza),"Pinza laparoscópica de disección con mandíbula curva y fina, una de las más versátiles para la disección roma y la coagulación monopolar.",Instrumental,0.00,0,true,
PROD-115,Merylan (Pinza Ligasure),"Pinza de sellado de vasos marca Ligasure con el diseño de mandíbula curva tipo Maryland, que combina la disección fina con la capacidad de sellado.",Instrumental,0.00,0,true,
PROD-116,Monitor,Pantalla de alta definición y grado médico utilizada para visualizar las imágenes generadas por la torre de endoscopia o laparoscopia.,Equipo,0.00,0,true,
PROD-117,Monitor red pine,"Monitor portátil y sistema de visualización de la marca Red Pine, diseñado para ser compatible con endoscopios flexibles y rígidos desechables.",Equipo,0.00,0,true,
PROD-118,Monitor storz,"Monitor de grado médico marca Storz, optimizado para la reproducción fiel de colores y detalles en imágenes quirúrgicas.",Equipo,0.00,0,true,
PROD-119,Morcelador HAWK,"Sistema de morcelación de alta velocidad, como los modelos HAWK o PIRAÑA, utilizado para la fragmentación y extracción de tejido prostático o fibromas.",Equipo,0.00,0,true,
PROD-120,Morcelador PIRAÑA,"Sistema de morcelación de alta velocidad, como los modelos HAWK o PIRAÑA, utilizado para la fragmentación y extracción de tejido prostático o fibromas.",Equipo,0.00,0,true,
PROD-121,Morcelador Lina,"Morcelador uterino laparoscópico marca Lina, diseñado para la extracción eficiente de miomas o del útero.",Equipo,0.00,0,true,
PROD-122,Nefroscopio con camisa 24 fr.,"Endoscopio rígido con una camisa de 24 French, utilizado para examinar el riñón (nefroscopia) y realizar procedimientos percutáneos.",Endoscopio,0.00,0,true,
PROD-123,Nefroscopio flexible,"Endoscopio flexible y de pequeño calibre para la exploración del sistema colector renal, permitiendo el tratamiento de cálculos en zonas de difícil acceso.",Endoscopio,0.00,0,true,
PROD-124,Obturador de visión directa,"Componente del resectoscopio que se inserta primero para crear el paso inicial, a menudo con una punta roma para una introducción segura.",Instrumental,0.00,0,true,
PROD-125,Panendoscopio,"Endoscopio flexible para la visualización del tracto digestivo superior, incluyendo esófago, estómago y duodeno.",Endoscopio,0.00,0,true,
PROD-126,Papel filtro,Papel de filtro utilizado en laboratorio para separar sólidos de líquidos o para la preparación de muestras histológicas.,Consumible,0.00,0,true,
PROD-127,Papel fotografico,"Papel térmico o de inyección de tinta de alta calidad, utilizado para imprimir imágenes fijas desde el procesador de video.",Consumible,0.00,0,true,
PROD-128,Pinza caimán,"Pinza con mandíbulas fuertes y dentadas, similar a la de un caimán, para la extracción de cuerpos extraños o fragmentos de tejido resistentes.",Instrumental,0.00,0,true,
PROD-129,Pinza de biopsia,"Pinza con pequeñas copas en sus mandíbulas, diseñada para tomar muestras de tejido (biopsias) a través del canal de trabajo de un endoscopio.",Instrumental,0.00,0,true,
PROD-130,Pinza de biopsia 3.0fr x 70cm,"Pinza de biopsia flexible de 3.0 French de diámetro y 70 cm de longitud, para uso en ureteroscopios flexibles.",Instrumental,0.00,0,true,
PROD-131,Pinza de cuerpos extraños,"Pinza de agarre, a menudo con mandíbulas dentadas o con copas, diseñada para la extracción segura de cuerpos extraños o cálculos.",Instrumental,0.00,0,true,
PROD-132,Pinza hallo,"Pinza de sellado de vasos de la marca Hallo, utilizada en cirugía laparoscópica.",Instrumental,0.00,0,true,
PROD-133,Pinza Har 36,"Pinza activa para la pieza de mano del sistema de energía ultrasónica Armónico, modelo HAR36, para disección y coagulación.",Instrumental,0.00,0,true,
PROD-134,Pinza ligasure bluntip,"Pinza de sellado vascular de la familia Ligasure, con mandíbulas romas para una disección segura y un sellado fiable.",Instrumental,0.00,0,true,
PROD-135,Pinza ligasure Maryland,"Pinza de sellado de vasos marca Ligasure con el diseño de mandíbula curva tipo Maryland, que combina disección fina con sellado vascular.",Instrumental,0.00,0,true,
PROD-136,Pinza pozi,"Pinza de agarre uterino, también conocida como pinza de Pozzi, con dientes afilados para una sujeción firme del cérvix.",Instrumental,0.00,0,true,
PROD-137,Pinza selladora de vasos tipo exact,"Pinza de la familia Ligasure, con un diseño que permite un sellado vascular preciso y una posterior sección del tejido.",Instrumental,0.00,0,true,
PROD-138,Pinza sonic,"Pinza que se conecta a la consola de energía ultrasónica Sonic, para corte y coagulación de tejidos.",Instrumental,0.00,0,true,
PROD-139,Pinza sonicision,"Instrumento de mano que se conecta a la consola de energía Sonicision, para la disección y hemostasia ultrasónica sin cables.",Instrumental,0.00,0,true,
PROD-140,Pistola de biopsia desechable,Instrumento reutilizable o desechable que aloja y dispara una aguja para la toma de biopsias de tejido de forma rápida y automatizada.,Instrumental,0.00,0,true,
PROD-141,Portaagujas,Instrumento quirúrgico con mandíbulas diseñadas para sujetar y manipular agujas de sutura durante la realización de nudos y suturas.,Instrumental,0.00,0,true,
PROD-142,Procesador de imagen,"Unidad central de procesamiento de video que recibe la señal del cabezal de la cámara, la procesa y la envía a un monitor con calidad de imagen optimizada.",Equipo,0.00,0,true,
PROD-143,Procesador de imagen storz,"Unidad central de procesamiento de video marca Storz, que procesa la señal de la cámara y ofrece funciones avanzadas de mejora de imagen.",Equipo,0.00,0,true,
PROD-144,Punta de laser con guía,"Punta de fibra láser con una guía o protector, diseñada para aplicaciones específicas como el corte por contacto o la vaporización lateral.",Consumible,0.00,0,true,
PROD-145,Resectoscopio R. WOLF 24 fr.,"Instrumento endoscópico de calibre 24 o 26 French, marca R. WOLF, utilizado para la resección transuretral de tejido (próstata o tumores vesicales).",Endoscopio,0.00,0,true,
PROD-146,Resectoscopio R. WOLF 26 fr.,"Instrumento endoscópico de calibre 24 o 26 French, marca R. WOLF, utilizado para la resección transuretral de tejido (próstata o tumores vesicales).",Endoscopio,0.00,0,true,
PROD-147,Retractor Lone Star,"Retractor autoestático marca Lone Star, que consiste en un anillo y ganchos elásticos para una exposición óptima del campo quirúrgico.",Instrumental,0.00,0,true,
PROD-148,Separadores hepáticos,"Instrumentos metálicos, usualmente en pares, diseñados para retraer y proteger el hígado durante cirugías laparoscópicas del abdomen superior.",Instrumental,0.00,0,true,
PROD-149,Set de dilatadores renales tipo amplatz,"Set de dilatadores de plástico de calibre progresivo, marca Amplatz, utilizados para crear y ampliar el tracto de acceso percutáneo al riñón.",Instrumental,0.00,0,true,
PROD-150,Set de dilatadores telescopicos ALKEN,"Set de dilatadores metálicos de calibre progresivo, marca ALKEN, para la dilatación del tracto en procedimientos de endourología.",Instrumental,0.00,0,true,
PROD-151,Set de pinzas em-o-lock,"Conjunto de aplicadores para clips de ligadura de polímero Hem-o-lok, que proporcionan un cierre seguro y fiable de vasos y conductos.",Instrumental,0.00,0,true,
PROD-152,Sistema de irrigación continua,"Sistema de irrigación con bolsas de gran volumen y tubos de alto flujo, que mantiene un campo visual claro durante procedimientos endoscópicos.",Sistema,0.00,0,true,
PROD-153,Sistema de irrigación en Y,"Set de tubos de irrigación con una conexión en ""Y"", que permite la conexión simultánea de dos bolsas de solución.",Consumible,0.00,0,true,
PROD-154,Sistema de irrigación tipo tur,"Set de tubería estéril de alto flujo, diseñado específicamente para conectar las bolsas de solución de irrigación (glicina o solución salina) a un resectoscopio durante una Resección Transuretral de Próstata (RTUP).",Sistema,0.00,0,true,
PROD-155,Sistema de succión de Morcelador con trampa de tejido prostático,"Sistema cerrado de aspiración que se conecta al morcelador para evacuar los fragmentos de tejido y el fluido de irrigación, capturando las muestras en un filtro o trampa para su posterior análisis.",Sistema,0.00,0,true,
PROD-156,Small yak (Pinza Ligasure),"Pinza de sellado vascular de la familia Ligasure con mandíbulas cortas y finas, diseñada para una hemostasia precisa en espacios quirúrgicos muy reducidos o en disección delicada.",Instrumental,0.00,0,true,
PROD-157,Sonda de silicón 14 fr.,"Sonda Foley de dos vías, calibre 14 French, fabricada en 100% silicón biocompatible para un uso a largo plazo con menor riesgo de incrustaciones o irritación.",Consumible,0.00,0,true,
PROD-158,Sonda de silicón 16 fr.,"Sonda Foley de dos vías, calibre 16 French, fabricada en 100% silicón, ideal para el drenaje urinario estándar en pacientes adultos.",Consumible,0.00,0,true,
PROD-159,Sonda de silicón 17 fr.,"Sonda Foley de dos vías, calibre 17 French, fabricada en 100% silicón, utilizada para drenaje urinario.",Consumible,0.00,0,true,
PROD-160,Sonda de silicón 18 fr.,"Sonda Foley de dos vías, calibre 18 French, fabricada en 100% silicón, comúnmente utilizada para un drenaje urinario eficaz en adultos.",Consumible,0.00,0,true,
PROD-161,Sonda de silicón 20 fr.,"Sonda Foley de dos vías, calibre 20 French, fabricada en 100% silicón, para pacientes que requieren un mayor calibre para un drenaje adecuado o en casos de hematuria.",Consumible,0.00,0,true,
PROD-162,Sonda de silicón 22 fr.,"Sonda Foley de dos vías, calibre 22 French, fabricada en 100% silicón, utilizada para un drenaje urinario de alto flujo, especialmente post-quirúrgico.",Consumible,0.00,0,true,
PROD-163,Sonda de silicón tres vías 18 fr.,"Sonda Foley de tres vías, calibre 18 French, fabricada en silicón. Permite el drenaje urinario, la inflación del balón y la irrigación continua de la vejiga.",Consumible,0.00,0,true,
PROD-164,Sonda de silicón tres vías 20 fr.,"Sonda Foley de tres vías, calibre 20 French, fabricada en silicón, utilizada para la irrigación vesical continua en casos de hematuria moderada o después de una RTUP.",Consumible,0.00,0,true,
PROD-165,Sonda de silicón tres vías 22 fr.,"Sonda Foley de tres vías, calibre 22 French, fabricada en silicón, ideal para la irrigación vesical de alto flujo en casos de sangrado significativo.",Consumible,0.00,0,true,
PROD-166,Sonic (Consola),"Consola o generador de energía ultrasónica que alimenta piezas de mano para corte y coagulación precisa de tejidos, minimizando el daño térmico lateral.",Equipo,0.00,0,true,
PROD-167,Suturas (a petición),"Material de sutura quirúrgica, disponible en diversos materiales (absorbibles, no absorbibles), calibres y tipos de aguja, proporcionado según los requerimientos específicos del cirujano.",Consumible,0.00,0,true,
PROD-168,Tanque de co2,"Cilindro de gas de dióxido de carbono (CO2) de grado médico, utilizado con un insuflador para crear y mantener el neumoperitoneo durante la cirugía laparoscópica.",Equipo,0.00,0,true,
PROD-169,Tijera,"Instrumento quirúrgico laparoscópico con hojas afiladas para la sección precisa de tejidos, suturas o estructuras durante la cirugía.",Instrumental,0.00,0,true,
PROD-170,Tijeras metzenbaum marca Reynolds,"Tijeras de disección fina y delicada con puntas romas y curvadas, diseñadas para la disección de tejidos blandos y planos quirúrgicos con mínimo trauma.",Instrumental,0.00,0,true,
PROD-171,Tira miomas,"Instrumento largo y robusto con una punta en forma de sacacorchos, utilizado para la extracción de miomas uterinos a través de una incisión abdominal o laparoscópica.",Instrumental,0.00,0,true,
PROD-172,Torre de endoscopia EXERA II CLV-180,"Sistema de endoscopia de Olympus que incluye una fuente de luz de Xenón (CLV-180) y un procesador de video (CV-180), ofreciendo iluminación brillante y capacidades de imagen avanzadas como NBI (Narrow Band Imaging).",Equipo,0.00,0,true,
PROD-173,Torre de Endo urología,"Conjunto de equipos configurado específicamente para procedimientos urológicos endoscópicos, que incluye fuente de luz, procesador de video, monitor y, a menudo, una bomba de irrigación.",Equipo,0.00,0,true,
PROD-174,Torre de laparoscopia 1588 Stryker,"Sistema de visualización avanzado de Stryker, que incluye la cámara 1588 AIM, una fuente de luz L10/L11 y un monitor 4K, proporcionando una calidad de imagen excepcional y fluorescencia.",Equipo,0.00,0,true,
PROD-175,Torre de laparoscopia 1688 Stryker,"Sistema de visualización avanzado de Stryker, que incluye la cámara1688 AIM 4K, una fuente de luz L10/L11 y un monitor 4K, proporcionando una calidad de imagen excepcional y fluorescencia.",Equipo,0.00,0,true,
PROD-176,Torre esclava,"Monitor secundario, montado en un pedestal con ruedas, que se conecta a la torre principal para replicar la imagen quirúrgica, permitiendo que el ayudante u otro personal del quirófano tenga la misma visualización que el cirujano.",Equipo,0.00,0,true,
PROD-177,Trampa de secreciones,Recipiente estéril diseñado para recolectar muestras de esputo o secreciones bronquiales obtenidas durante la succión o broncoscopia para su posterior análisis.,Consumible,0.00,0,true,
PROD-178,Transductor trans perineal,"Sonda de ultrasonido diseñada para ser utilizada en la región perineal, comúnmente para guiar la colocación de agujas de biopsia de próstata.",Accesorio,0.00,0,true,
PROD-179,Transductor transrectal,"Sonda de ultrasonido de alta frecuencia diseñada para ser introducida en el recto, proporcionando imágenes detalladas de la próstata y las estructuras circundantes.",Accesorio,0.00,0,true,
PROD-180,Trocar bariátrico de 5,"Cánula y punzón de 5 mm de diámetro y longitud extendida, diseñados para acceder a la cavidad abdominal en pacientes con un panículo adiposo grueso.",Instrumental,0.00,0,true,
PROD-181,Trocar bariátrico de 12,"Cánula y punzón de 12 mm de diámetro y longitud extendida, para la introducción de instrumentos más grandes o engrapadoras en cirugía bariátrica.",Instrumental,0.00,0,true,
PROD-182,Trocar de 12 mm con punzón,"Cánula de 12 mm de diámetro con su punzón correspondiente (óptico, cortante o romo) para crear un puerto de acceso para instrumentos laparoscópicos grandes.",Instrumental,0.00,0,true,
PROD-183,Trocar hasson,"Cánula roma con un sistema de fijación mediante suturas, utilizada para la técnica de acceso abierto en laparoscopia, considerada la más segura para evitar lesiones viscerales.",Instrumental,0.00,0,true,
PROD-184,Tubos de ensaye,"Tubos de vidrio o plástico, estériles, utilizados en el quirófano o laboratorio para la recolección y transporte de muestras biológicas como orina o tejido.",Consumible,0.00,0,true,
PROD-185,Ultrasonido sono escape con trasductor convexo y plano de guía,"Equipo de ultrasonido portátil marca SonoScape, equipado con un transductor convexo (para abdomen) y un transductor lineal (para estructuras superficiales), junto con una guía para biopsias.",Equipo,0.00,0,true,
PROD-186,Ureteroscopio flexible,"Ureteroscopio flexible de un solo uso que se conecta a una consola de video portátil, eliminando la necesidad de reprocesamiento y el riesgo de contaminación cruzada.",Endoscopio,0.00,0,true,
PROD-187,Ureteroscopio desechable (compatible con consola),Endoscopio reutilizable de fibra óptica o digital con una punta flexible que puede navegar por todo el sistema colector renal para diagnosticar y tratar cálculos o tumores.,Endoscopio,0.00,0,true,
PROD-188,Ureteroscopio rígido,"Endoscopio metálico, delgado y largo, que no se flexiona. Se utiliza para examinar y tratar afecciones en la parte baja y media del uréter.",Endoscopio,0.00,0,true,
PROD-189,Ureteroscopio semirrígido,"Endoscopio metálico más delgado y largo que el rígido, con una ligera flexibilidad que facilita la navegación en el uréter.",Endoscopio,0.00,0,true,
PROD-190,Uretrotomo,"Instrumento endoscópico que contiene un canal de trabajo para introducir una cuchilla fría o una fibra láser, utilizado para realizar una incisión precisa en una estenosis uretral.",Instrumental,0.00,0,true,
PROD-191,USB,Dispositivo de almacenamiento de memoria flash (USB) utilizado para grabar imágenes fijas o videos cortos de los procedimientos quirúrgicos desde el procesador de video.,Accesorio,0.00,0,true,
PROD-192,Varilla de Grano,Sonda metálica sólida que se introduce a través del litotriptor neumático para transmitir la energía de los pulsos y fragmentar los cálculos por contacto directo.,Instrumental,0.00,0,true,
PROD-193,Varillas de litoclast,"Sondas metálicas de diferentes calibres compatibles con el sistema de litotricia balística Swiss LithoClast®, para la fragmentación de cálculos.",Instrumental,0.00,0,true,
PROD-194,Venda cohesive flexible coban,"Venda elástica que se adhiere a sí misma pero no a la piel ni al vello, utilizada para asegurar apósitos, proporcionar compresión ligera o fijar dispositivos.",Consumible,0.00,0,true,